Price,Address,homeType,beds,baths,sq_feet,Status,Link,Unit Count
"$2,550/mo",6426-Lamine-Dr-Colorado-Springs-CO-80925,SINGLE_FAMILY,5,3.5,2761,FOR_RENT,www.zillow.com//homedetails/6426-Lamine-Dr-Colorado-Springs-CO-80925/319911765_zpid/,--
"$1,625+/mo","7761 Bear Run Poin, Colorado Springs, CO",--,1,1,838,FOR_RENT,www.zillow.com//b/lodge-at-black-forest-colorado-springs-co-BMNHjj/,86
"$1,471+/mo","1265 Capistrano Poin, Colorado Springs, CO",--,1,1,610,FOR_RENT,www.zillow.com//b/the-village-at-westmeadow-colorado-springs-co-BDW8j8/,5
"$1,641+/mo","6010 Prairie Hills Vw, Colorado Springs, CO",--,1,1,847,FOR_RENT,www.zillow.com//b/stetson-ridge-colorado-springs-co-5XhvnL/,15
"$2,100/mo",6741-Akron-Rd-Colorado-Springs-CO-80923,SINGLE_FAMILY,4,3,2115,FOR_RENT,www.zillow.com//homedetails/6741-Akron-Rd-Colorado-Springs-CO-80923/64899648_zpid/,--
"$1,400/mo",4552-Excalibur-Ct-Colorado-Springs-CO-80917,SINGLE_FAMILY,2,1.5,1056,FOR_RENT,www.zillow.com//homedetails/4552-Excalibur-Ct-Colorado-Springs-CO-80917/13584698_zpid/,--
"$1,700/mo",415-E-Pikes-Peak-Ave-405-Colorado-Springs-CO-80903,APARTMENT,0,1,536,FOR_RENT,www.zillow.com//homedetails/415-E-Pikes-Peak-Ave-405-Colorado-Springs-CO-80903/2074899125_zpid/,--
"$1,550/mo",2235-Whitewood-Dr-Colorado-Springs-CO-80910,SINGLE_FAMILY,4,1,1233,FOR_RENT,www.zillow.com//homedetails/2235-Whitewood-Dr-Colorado-Springs-CO-80910/13626291_zpid/,--
"$1,470+/mo","4275 Sanders Vw, Colorado Springs, CO",--,1,1,578,FOR_RENT,www.zillow.com//b/bellaire-ranch-%26-alturas-at-bellaire-ranch-colorado-springs-co-5XhvQr/,16
"$2,550/mo",4286-Morning-Glory-Rd-Colorado-Springs-CO-80920,SINGLE_FAMILY,4,4,2228,FOR_RENT,www.zillow.com//homedetails/4286-Morning-Glory-Rd-Colorado-Springs-CO-80920/13561776_zpid/,--
"$1,310+/mo","4760 Rusina Rd, Colorado Springs, CO",--,1,1,608,FOR_RENT,www.zillow.com//b/flats-at-pinecliff-colorado-springs-co-5XhvYn/,11
"$1,639+/mo","11124 Cedar Glen Vw, Colorado Springs, CO",--,1,1,723,FOR_RENT,www.zillow.com//b/the-overlook-at-interquest-apartments-colorado-springs-co-BHzKXt/,16
"$1,700/mo",1111-Farragut-Ave-A-Colorado-Springs-CO-80909,APARTMENT,2,1,1500,FOR_RENT,www.zillow.com//homedetails/1111-Farragut-Ave-A-Colorado-Springs-CO-80909/2069266721_zpid/,--
"$1,340+/mo","2505 E Pikes Peak Ave, Colorado Springs, CO",--,1,1,710,FOR_RENT,www.zillow.com//b/grand-view-colorado-springs-co-5Xhvk7/,6
"$1,595/mo",2629-Bannister-Ct-Colorado-Springs-CO-80920,TOWNHOUSE,2,1.5,960,FOR_RENT,www.zillow.com//homedetails/2629-Bannister-Ct-Colorado-Springs-CO-80920/13568033_zpid/,--
"$1,430+/mo","864 Oxford Ln, Colorado Springs, CO",--,1,1,610,FOR_RENT,www.zillow.com//b/sky-at-bear-creek-colorado-springs-co-9LmHxk/,9
"$1,850/mo",3170-Shikra-Vw-Colorado-Springs-CO-80916,TOWNHOUSE,3,3,1561,FOR_RENT,www.zillow.com//homedetails/3170-Shikra-Vw-Colorado-Springs-CO-80916/121867966_zpid/,--
"$1,609+/mo","4562 Continental Hts, Colorado Springs, CO",--,1,1,751,FOR_RENT,www.zillow.com//b/aliso-briargate-apartments-colorado-springs-co-BdvqLv/,14
"$1,640+/mo","1495 Farnham Poin, Colorado Springs, CO",--,1,1,605,FOR_RENT,www.zillow.com//b/oasis-apartments-colorado-springs-co-BTWtFy/,32
"$2,100/mo",7630-Sioux-Cir-N-Cir-CO-80915,SINGLE_FAMILY,5,3,3300,FOR_RENT,www.zillow.com//homedetails/7630-Sioux-Cir-N-Cir-CO-80915/181553877_zpid/,--
"$1,825/mo",4935-Ardley-Dr-Colorado-Springs-CO-80922,SINGLE_FAMILY,3,2,1837,FOR_RENT,www.zillow.com//homedetails/4935-Ardley-Dr-Colorado-Springs-CO-80922/13538536_zpid/,--
"$1,628+/mo","5520 Woodmen Ridge Vw, Colorado Springs, CO",--,1,1,790,FOR_RENT,www.zillow.com//b/estate-at-woodmen-ridge-colorado-springs-co-9kPXyW/,8
"$1,750/mo",525-Custer-Ave-Colorado-Springs-CO-80903,SINGLE_FAMILY,1,1,1141,FOR_RENT,www.zillow.com//homedetails/525-Custer-Ave-Colorado-Springs-CO-80903/13608490_zpid/,--
"$1,650+/mo","1203 Affirmed Vw, Colorado Springs, CO",--,0,1,529,FOR_RENT,www.zillow.com//b/springs-at-foothills-farm-colorado-springs-co-BbhHhC/,21
"$1,250/mo",7612-Clover-Hill-Dr-Colorado-Springs-CO-80920,SINGLE_FAMILY,2,1.5,992,FOR_RENT,www.zillow.com//homedetails/7612-Clover-Hill-Dr-Colorado-Springs-CO-80920/13566798_zpid/,--
"$1,808+/mo","2845 Freewood Pt, Colorado Springs, CO",--,1,1,701,FOR_RENT,www.zillow.com//b/commons-at-briargate-colorado-springs-co-BMHktW/,7
"$1,575+/mo","4510 Spring Canyon Hts, Colorado Springs, CO",--,1,1,740,FOR_RENT,www.zillow.com//b/artemis-at-spring-canyon-colorado-springs-co-5Xhvnc/,14
"$1,763+/mo","5824 Walsh Poin, Colorado Springs, CO",--,1,1,790,FOR_RENT,www.zillow.com//b/rockrimmon-colorado-springs-co-5hJ24C/,16
"$2,150/mo",4540-Morning-Mist-Dr-Colorado-Springs-CO-80916,SINGLE_FAMILY,3,2,1472,FOR_RENT,www.zillow.com//homedetails/4540-Morning-Mist-Dr-Colorado-Springs-CO-80916/13632137_zpid/,--
"$1,500/mo",6846-Mountain-Top-Ln-Colorado-Springs-CO-80919,TOWNHOUSE,2,2.5,1088,FOR_RENT,www.zillow.com//homedetails/6846-Mountain-Top-Ln-Colorado-Springs-CO-80919/13568855_zpid/,--
"$2,255/mo",2106-Glenn-Summer-Rd-Colorado-Springs-CO-80909,SINGLE_FAMILY,5,3,2885,FOR_RENT,www.zillow.com//homedetails/2106-Glenn-Summer-Rd-Colorado-Springs-CO-80909/13602579_zpid/,--
"$1,575/mo",1149-Mount-Werner-Cir-Colorado-Springs-CO-80905,SINGLE_FAMILY,3,2,1277,FOR_RENT,www.zillow.com//homedetails/1149-Mount-Werner-Cir-Colorado-Springs-CO-80905/13626985_zpid/,--
"$1,099/mo",953-Tampico-Ct-Colorado-Springs-CO-80910,SINGLE_FAMILY,1,1,625,FOR_RENT,www.zillow.com//homedetails/953-Tampico-Ct-Colorado-Springs-CO-80910/13620950_zpid/,--
"$1,625+/mo","6102 Olmstead Poin, Colorado Springs, CO",--,1,1,790,FOR_RENT,www.zillow.com//b/first-and-main-apartments-colorado-springs-co-B6rJMm/,17
"$1,825/mo",1928-Traces-Ln-Colorado-Springs-CO-80951,SINGLE_FAMILY,3,2.5,1460,FOR_RENT,www.zillow.com//homedetails/1928-Traces-Ln-Colorado-Springs-CO-80951/64509386_zpid/,--
$850/mo,711-5-N-Weber-St-711-Colorado-Springs-CO-80903,APARTMENT,1,1,418,FOR_RENT,www.zillow.com//homedetails/711-5-N-Weber-St-711-Colorado-Springs-CO-80903/2069285459_zpid/,--
"$1,140+/mo",2414-Tremont-St-2450807-Colorado-Springs-CO-80907,APARTMENT,1,1,647,FOR_RENT,www.zillow.com//homedetails/2414-Tremont-St-2450807-Colorado-Springs-CO-80907/2076855675_zpid/,--
"$2,150/mo",80-Haney-Rd-Colorado-Springs-CO-80906,TOWNHOUSE,3,2,2100,FOR_RENT,www.zillow.com//homedetails/80-Haney-Rd-Colorado-Springs-CO-80906/2098455708_zpid/,--
"$2,100/mo",2343-Saint-Claire-Dr-Colorado-Springs-CO-80910,SINGLE_FAMILY,3,2.5,2497,FOR_RENT,www.zillow.com//homedetails/2343-Saint-Claire-Dr-Colorado-Springs-CO-80910/69040573_zpid/,--
"$2,750/mo",850-Redemption-Point-Colorado-Springs-CO-80905,SINGLE_FAMILY,4,4,2527,FOR_RENT,www.zillow.com//homedetails/850-Redemption-Point-Colorado-Springs-CO-80905/181738391_zpid/,--
"$2,195/mo",20-22-N-Prospect-St-Colorado-Springs-CO-80903,APARTMENT,3,2,,FOR_RENT,www.zillow.com//homedetails/20-22-N-Prospect-St-Colorado-Springs-CO-80903/2069286707_zpid/,--
$795/mo,110-S-18th-St-Colorado-Springs-CO-80904,APARTMENT,1,1,,FOR_RENT,www.zillow.com//homedetails/110-S-18th-St-Colorado-Springs-CO-80904/2069286825_zpid/,--
"$1,565+/mo","4505 Dublin Blvd, Colorado Springs, CO",--,1,1,825,FOR_RENT,www.zillow.com//b/champions-colorado-springs-co-5XhvTk/,17
"$1,250/mo",3119-Virginia-Ave-Colorado-Springs-CO-80907,SINGLE_FAMILY,2,1,2002,FOR_RENT,www.zillow.com//homedetails/3119-Virginia-Ave-Colorado-Springs-CO-80907/2145846590_zpid/,--
"$1,900/mo",2755-Charlottesville-Dr-Colorado-Springs-CO-80922,SINGLE_FAMILY,3,3,1672,FOR_RENT,www.zillow.com//homedetails/2755-Charlottesville-Dr-Colorado-Springs-CO-80922/13540865_zpid/,--
"$1,635+/mo","4986 Amarosa Hts, Colorado Springs, CO",--,1,1,784,FOR_RENT,www.zillow.com//b/la-bella-vita-colorado-springs-co-BFxh2r/,15
"$1,705+/mo","11275 Nahcolite Poin, Colorado Springs, CO",--,1,1,784,FOR_RENT,www.zillow.com//b/volta-at-voyager-colorado-springs-co-BTgSnK/,10
"$1,487+/mo","3310 Knoll Ln, Colorado Springs, CO",--,1,1,720,FOR_RENT,www.zillow.com//b/ridgeview-place-apartments-colorado-springs-co-5XhvjJ/,19
"$1,535+/mo","1721 Telstar Dr, Colorado Springs, CO",--,1,1,663,FOR_RENT,www.zillow.com//b/the-zeb-colorado-springs-co-BksDTx/,124
"$1,650+/mo","9403 Cadmium Vw, Colorado Springs, CO",--,1,1,623,FOR_RENT,www.zillow.com//b/elements-at-briargate-colorado-springs-co-65hfWd/,13
"$1,725/mo",711-Crown-Point-Dr-711-Colorado-Springs-CO-80906,TOWNHOUSE,2,2,1154,FOR_RENT,www.zillow.com//homedetails/711-Crown-Point-Dr-711-Colorado-Springs-CO-80906/2069294086_zpid/,--
"$1,709+/mo","10691 Cadence Poin, Colorado Springs, CO",--,1,1,701,FOR_RENT,www.zillow.com//b/falconview-colorado-springs-co-BVkwRC/,5
"$1,750/mo",7139-Silverwind-Cir-Colorado-Springs-CO-80923,SINGLE_FAMILY,2,2.5,2151,FOR_RENT,www.zillow.com//homedetails/7139-Silverwind-Cir-Colorado-Springs-CO-80923/69043781_zpid/,--
"$2,350/mo",7206-Grand-Prairie-Dr-Colorado-Springs-CO-80923,SINGLE_FAMILY,4,3,3046,FOR_RENT,www.zillow.com//homedetails/7206-Grand-Prairie-Dr-Colorado-Springs-CO-80923/64441549_zpid/,--
"$2,650/mo",4105-Lupine-St-Colorado-Springs-CO-80918,SINGLE_FAMILY,4,3,2120,FOR_RENT,www.zillow.com//homedetails/4105-Lupine-St-Colorado-Springs-CO-80918/13589588_zpid/,--
"$1,375/mo",511-E-Cache-La-Poudre-St-A-Colorado-Springs-CO-80903,APARTMENT,2,1,767,FOR_RENT,www.zillow.com//homedetails/511-E-Cache-La-Poudre-St-A-Colorado-Springs-CO-80903/2078632823_zpid/,--
"$1,695/mo",1720-W-Vermijo-Ave-Colorado-Springs-CO-80904,SINGLE_FAMILY,1,1,800,FOR_RENT,www.zillow.com//homedetails/1720-W-Vermijo-Ave-Colorado-Springs-CO-80904/13665793_zpid/,--
"$1,375/mo",368-Kitfield-Vw-Colorado-Springs-CO-80916,APARTMENT,2,1,992,FOR_RENT,www.zillow.com//homedetails/368-Kitfield-Vw-Colorado-Springs-CO-80916/59986253_zpid/,--
"$2,150/mo",1310-S-Canoe-Creek-Dr-Colorado-Springs-CO-80906,SINGLE_FAMILY,3,2.5,1886,FOR_RENT,www.zillow.com//homedetails/1310-S-Canoe-Creek-Dr-Colorado-Springs-CO-80906/13636344_zpid/,--
"$2,435/mo",5928-John-Muir-Trl-Colorado-Springs-CO-80927,SINGLE_FAMILY,3,2.5,1460,FOR_RENT,www.zillow.com//homedetails/5928-John-Muir-Trl-Colorado-Springs-CO-80927/181737792_zpid/,--
"$1,200/mo",1616-N-Weber-St-Colorado-Springs-CO-80907,SINGLE_FAMILY,1,1,650,FOR_RENT,www.zillow.com//homedetails/1616-N-Weber-St-Colorado-Springs-CO-80907/13605815_zpid/,--
"$1,600/mo",3020-Illinois-Ave-Colorado-Springs-CO-80907,SINGLE_FAMILY,2,1,1068,FOR_RENT,www.zillow.com//homedetails/3020-Illinois-Ave-Colorado-Springs-CO-80907/13592904_zpid/,--
"$1,695/mo",1024-Prairie-Rd-Colorado-Springs-CO-80909,SINGLE_FAMILY,3,1,1248,FOR_RENT,www.zillow.com//homedetails/1024-Prairie-Rd-Colorado-Springs-CO-80909/13609905_zpid/,--
$875/mo,1330-Potter-Dr-APT-114-Colorado-Springs-CO-80909,APARTMENT,1,1,,FOR_RENT,www.zillow.com//homedetails/1330-Potter-Dr-APT-114-Colorado-Springs-CO-80909/2084883780_zpid/,--
"$1,495/mo",2707-N-Chestnut-St-APT-2-Colorado-Springs-CO-80907,APARTMENT,3,1,,FOR_RENT,www.zillow.com//homedetails/2707-N-Chestnut-St-APT-2-Colorado-Springs-CO-80907/2081790132_zpid/,--
"$2,550/mo",6710-Quarter-Circle-Rd-Colorado-Springs-CO-80922,SINGLE_FAMILY,6,3.5,2794,FOR_RENT,www.zillow.com//homedetails/6710-Quarter-Circle-Rd-Colorado-Springs-CO-80922/108379617_zpid/,--
"$1,250/mo",1894-Lanka-Ln-Colorado-Springs-CO-80915,TOWNHOUSE,3,2,1280,FOR_RENT,www.zillow.com//homedetails/1894-Lanka-Ln-Colorado-Springs-CO-80915/13542836_zpid/,--
"$2,000/mo",6946-Los-Reyes-Cir-Colorado-Springs-CO-80918,TOWNHOUSE,3,2,1711,FOR_RENT,www.zillow.com//homedetails/6946-Los-Reyes-Cir-Colorado-Springs-CO-80918/13569954_zpid/,--
"$3,000/mo",7040-Jagged-Rock-Cir-Colorado-Springs-CO-80927,SINGLE_FAMILY,5,3.5,3264,FOR_RENT,www.zillow.com//homedetails/7040-Jagged-Rock-Cir-Colorado-Springs-CO-80927/181536611_zpid/,--
"$2,695/mo",7678-Colorado-Tech-Dr-Colorado-Springs-CO-80915,SINGLE_FAMILY,4,3.5,3284,FOR_RENT,www.zillow.com//homedetails/7678-Colorado-Tech-Dr-Colorado-Springs-CO-80915/121868152_zpid/,--
"$2,695/mo",2333-Langholm-Dr-Colorado-Springs-CO-80920,SINGLE_FAMILY,4,3.5,2484,FOR_RENT,www.zillow.com//homedetails/2333-Langholm-Dr-Colorado-Springs-CO-80920/13559763_zpid/,--
"$1,600/mo",23-N-Logan-Ave-APT-A-Colorado-Springs-CO-80909,APARTMENT,2,1,1161,FOR_RENT,www.zillow.com//homedetails/23-N-Logan-Ave-APT-A-Colorado-Springs-CO-80909/2092510108_zpid/,--
"$2,950/mo",1239-Solitaire-St-Colorado-Springs-CO-80905,SINGLE_FAMILY,4,3.5,2730,FOR_RENT,www.zillow.com//homedetails/1239-Solitaire-St-Colorado-Springs-CO-80905/294980676_zpid/,--
"$1,350/mo",4316-Hunting-Meadows-Cir-Colorado-Springs-CO-80916,TOWNHOUSE,2,1.5,1491,FOR_RENT,www.zillow.com//homedetails/4316-Hunting-Meadows-Cir-Colorado-Springs-CO-80916/13623711_zpid/,--
"$1,150/mo",4076-Muse-Way-1-Colorado-Springs-CO-80907,TOWNHOUSE,2,1.5,1117,FOR_RENT,www.zillow.com//homedetails/4076-Muse-Way-1-Colorado-Springs-CO-80907/2077167681_zpid/,--
"$1,850/mo",7085-Red-Sand-Grv-Colorado-Springs-CO-80923,TOWNHOUSE,2,2.5,1396,FOR_RENT,www.zillow.com//homedetails/7085-Red-Sand-Grv-Colorado-Springs-CO-80923/87933786_zpid/,--
"$2,800/mo",3308-Macgregor-Dr-Colorado-Springs-CO-80922,SINGLE_FAMILY,6,4,3064,FOR_RENT,www.zillow.com//homedetails/3308-Macgregor-Dr-Colorado-Springs-CO-80922/13541462_zpid/,--
"$3,075/mo",2437-Astron-Dr-Colorado-Springs-CO-80906,SINGLE_FAMILY,5,3,3434,FOR_RENT,www.zillow.com//homedetails/2437-Astron-Dr-Colorado-Springs-CO-80906/13669394_zpid/,--
"$1,695/mo",3130-Shikra-Vw-Colorado-Springs-CO-80916,SINGLE_FAMILY,3,2.5,2066,FOR_RENT,www.zillow.com//homedetails/3130-Shikra-Vw-Colorado-Springs-CO-80916/121867394_zpid/,--
"$2,300/mo",7261-Grand-Prairie-Dr-Colorado-Springs-CO-80923,SINGLE_FAMILY,4,3.5,2298,FOR_RENT,www.zillow.com//homedetails/7261-Grand-Prairie-Dr-Colorado-Springs-CO-80923/64616900_zpid/,--
"$1,600/mo",3875-Strawberry-Field-Grv-APT-A-Colorado-Springs-CO-80906,APARTMENT,2,2,1137,FOR_RENT,www.zillow.com//homedetails/3875-Strawberry-Field-Grv-APT-A-Colorado-Springs-CO-80906/13635760_zpid/,--
"$1,595/mo",1221-Holland-Park-Blvd-Colorado-Springs-CO-80907,CONDO,2,1.5,1116,FOR_RENT,www.zillow.com//homedetails/1221-Holland-Park-Blvd-Colorado-Springs-CO-80907/13657336_zpid/,--
"$1,150/mo",2901-Sage-St-APT-1-Colorado-Springs-CO-80907,APARTMENT,2,1,810,FOR_RENT,www.zillow.com//homedetails/2901-Sage-St-APT-1-Colorado-Springs-CO-80907/2091562853_zpid/,--
$795/mo,14-E-Willamette-Ave-APT-4-Colorado-Springs-CO-80903,APARTMENT,1,1,400,FOR_RENT,www.zillow.com//homedetails/14-E-Willamette-Ave-APT-4-Colorado-Springs-CO-80903/2098703573_zpid/,--
$975/mo,3705-E-San-Miguel-St-APT-19-Colorado-Springs-CO-80909,APARTMENT,1,1,625,FOR_RENT,www.zillow.com//homedetails/3705-E-San-Miguel-St-APT-19-Colorado-Springs-CO-80909/2069318562_zpid/,--
"$2,400/mo",6230-Mach-1-Dr-Colorado-Springs-CO-80918,SINGLE_FAMILY,4,3,3182,FOR_RENT,www.zillow.com//homedetails/6230-Mach-1-Dr-Colorado-Springs-CO-80918/13577468_zpid/,--
"$2,000/mo",3856-Sierra-Glen-Pl-Colorado-Springs-CO-80916,SINGLE_FAMILY,3,3,1444,FOR_RENT,www.zillow.com//homedetails/3856-Sierra-Glen-Pl-Colorado-Springs-CO-80916/119308849_zpid/,--
"$3,100/mo",5975-Greenbrook-Ln-Colorado-Springs-CO-80924,SINGLE_FAMILY,5,3.5,3758,FOR_RENT,www.zillow.com//homedetails/5975-Greenbrook-Ln-Colorado-Springs-CO-80924/71717521_zpid/,--
"$1,135/mo",1134-Westmoreland-Rd-Colorado-Springs-CO-80907,SINGLE_FAMILY,2,1,750,FOR_RENT,www.zillow.com//homedetails/1134-Westmoreland-Rd-Colorado-Springs-CO-80907/2076970362_zpid/,--
"$2,100/mo",671-Shooks-Ln-Colorado-Springs-CO-80903,TOWNHOUSE,2,2.5,1630,FOR_RENT,www.zillow.com//homedetails/671-Shooks-Ln-Colorado-Springs-CO-80903/13608355_zpid/,--
"$1,795/mo",2204-Cooper-Ave-Colorado-Springs-CO-80907,SINGLE_FAMILY,3,1,1100,FOR_RENT,www.zillow.com//homedetails/2204-Cooper-Ave-Colorado-Springs-CO-80907/13659659_zpid/,--
"$1,500/mo",715-E-High-St-Colorado-Springs-CO-80903,SINGLE_FAMILY,2,1,850,FOR_RENT,www.zillow.com//homedetails/715-E-High-St-Colorado-Springs-CO-80903/13616949_zpid/,--
"$2,100/mo",7677-Conifer-Cone-Grv-Colorado-Springs-CO-80908,TOWNHOUSE,3,3,1561,FOR_RENT,www.zillow.com//homedetails/7677-Conifer-Cone-Grv-Colorado-Springs-CO-80908/2070981395_zpid/,--
"$1,700/mo",3702-Venice-Grv-Colorado-Springs-CO-80910,TOWNHOUSE,2,2.5,1350,FOR_RENT,www.zillow.com//homedetails/3702-Venice-Grv-Colorado-Springs-CO-80910/80397702_zpid/,--
"$1,900/mo",316-Boulder-Pl-Colorado-Springs-CO-80905,SINGLE_FAMILY,3,2,1184,FOR_RENT,www.zillow.com//homedetails/316-Boulder-Pl-Colorado-Springs-CO-80905/13667151_zpid/,--
"$2,800/mo",3837-Whisper-Hollow-Dr-Colorado-Springs-CO-80920,SINGLE_FAMILY,5,3.5,3473,FOR_RENT,www.zillow.com//homedetails/3837-Whisper-Hollow-Dr-Colorado-Springs-CO-80920/13561506_zpid/,--
"$1,744+/mo","4350 Mira Linda Poin, Colorado Springs, CO",--,1,1,834,FOR_RENT,www.zillow.com//b/4350-mira-linda-poin-colorado-springs-co-Bg6sbd/,11
"$1,650/mo",24-W-Navajo-St-Colorado-Springs-CO-80905,SINGLE_FAMILY,3,1.5,1450,FOR_RENT,www.zillow.com//homedetails/24-W-Navajo-St-Colorado-Springs-CO-80905/2069330915_zpid/,--
"$1,145/mo",5030-El-Camino-Dr-Colorado-Springs-CO-80918,APARTMENT,2,1.5,900,FOR_RENT,www.zillow.com//homedetails/5030-El-Camino-Dr-Colorado-Springs-CO-80918/2077991850_zpid/,--
"$2,250/mo",1261-E-Monroe-St-Colorado-Springs-CO-80907,SINGLE_FAMILY,3,2,1629,FOR_RENT,www.zillow.com//homedetails/1261-E-Monroe-St-Colorado-Springs-CO-80907/13604023_zpid/,--
"$2,350/mo",910-Big-Valley-Dr-Colorado-Springs-CO-80919,SINGLE_FAMILY,4,4,2700,FOR_RENT,www.zillow.com//homedetails/910-Big-Valley-Dr-Colorado-Springs-CO-80919/13652233_zpid/,--
"$1,800/mo",8515-Ilex-Dr-Colorado-Springs-CO-80920,SINGLE_FAMILY,3,2.5,1679,FOR_RENT,www.zillow.com//homedetails/8515-Ilex-Dr-Colorado-Springs-CO-80920/2087873096_zpid/,--
"$2,700/mo",1139-Dream-Lake-Ct-Colorado-Springs-CO-80921,SINGLE_FAMILY,4,3.5,3476,FOR_RENT,www.zillow.com//homedetails/1139-Dream-Lake-Ct-Colorado-Springs-CO-80921/54487739_zpid/,--
"$1,780+/mo","2811 Upper Vickers Vw, Colorado Springs, CO",--,2,1,925,FOR_RENT,www.zillow.com//b/vista-view-colorado-springs-co-BCgvkp/,3
"$1,800/mo",6082-Colony-Cir-Colorado-Springs-CO-80919,TOWNHOUSE,3,2,1575,FOR_RENT,www.zillow.com//homedetails/6082-Colony-Cir-Colorado-Springs-CO-80919/13580119_zpid/,--
"$2,100/mo",6334-Binder-Dr-Colorado-Springs-CO-80923,SINGLE_FAMILY,3,2,1152,FOR_RENT,www.zillow.com//homedetails/6334-Binder-Dr-Colorado-Springs-CO-80923/64804108_zpid/,--
"$1,275/mo",502-Shady-Crest-Cir-Colorado-Springs-CO-80916,TOWNHOUSE,2,2.5,1088,FOR_RENT,www.zillow.com//homedetails/502-Shady-Crest-Cir-Colorado-Springs-CO-80916/13621012_zpid/,--
"$2,000/mo",2015-Downing-Dr-Colorado-Springs-CO-80909,SINGLE_FAMILY,5,2,2026,FOR_RENT,www.zillow.com//homedetails/2015-Downing-Dr-Colorado-Springs-CO-80909/13601167_zpid/,--
"$1,325/mo",814-Tenderfoot-Hill-Rd-APT-202-Colorado-Springs-CO-80906,APARTMENT,2,2,908,FOR_RENT,www.zillow.com//homedetails/814-Tenderfoot-Hill-Rd-APT-202-Colorado-Springs-CO-80906/13629695_zpid/,--
"$2,245/mo",803-Fire-Rock-Pl-Colorado-Springs-CO-80921,SINGLE_FAMILY,3,2.5,1550,FOR_RENT,www.zillow.com//homedetails/803-Fire-Rock-Pl-Colorado-Springs-CO-80921/82403624_zpid/,--
"$1,800/mo",6435-Summit-Peak-Dr-Colorado-Springs-CO-80923,SINGLE_FAMILY,3,2,1152,FOR_RENT,www.zillow.com//homedetails/6435-Summit-Peak-Dr-Colorado-Springs-CO-80923/13537762_zpid/,--
"$1,950/mo",8765-Rose-Grace-Hts-Colorado-Springs-CO-80924,TOWNHOUSE,2,2.5,1307,FOR_RENT,www.zillow.com//homedetails/8765-Rose-Grace-Hts-Colorado-Springs-CO-80924/2070558789_zpid/,--
"$1,500/mo",111-S-12th-St-APT-101-Colorado-Springs-CO-80904,APARTMENT,2,1,925,FOR_RENT,www.zillow.com//homedetails/111-S-12th-St-APT-101-Colorado-Springs-CO-80904/2083396153_zpid/,--
"$1,550/mo",2618-2620-W-Pikes-Peak-Ave-87163023-Colorado-Springs-CO-80904,APARTMENT,2,1.5,1200,FOR_RENT,www.zillow.com//homedetails/2618-2620-W-Pikes-Peak-Ave-87163023-Colorado-Springs-CO-80904/2078803028_zpid/,--
"$2,295/mo",2401-Virgo-Dr-Colorado-Springs-CO-80906,SINGLE_FAMILY,3,2.5,2779,FOR_RENT,www.zillow.com//homedetails/2401-Virgo-Dr-Colorado-Springs-CO-80906/13669317_zpid/,--
$955/mo,1203-Darby-St-D4-Colorado-Springs-CO-80907,TOWNHOUSE,2,1,800,FOR_RENT,www.zillow.com//homedetails/1203-Darby-St-D4-Colorado-Springs-CO-80907/2069354393_zpid/,--
"$3,550/mo",7545-Delmonico-Dr-Colorado-Springs-CO-80919,SINGLE_FAMILY,5,4,3887,FOR_RENT,www.zillow.com//homedetails/7545-Delmonico-Dr-Colorado-Springs-CO-80919/13652296_zpid/,--
"$1,750/mo",707-Crown-Point-Ln-Colorado-Springs-CO-80906,SINGLE_FAMILY,2,2,1245,FOR_RENT,www.zillow.com//homedetails/707-Crown-Point-Ln-Colorado-Springs-CO-80906/2069474359_zpid/,--
"$1,900/mo",2624-Gilpin-Ave-1-Colorado-Springs-CO-80910,TOWNHOUSE,3,2.5,1666,FOR_RENT,www.zillow.com//homedetails/2624-Gilpin-Ave-1-Colorado-Springs-CO-80910/2069474350_zpid/,--
"$2,475/mo",10840-Nolin-Dr-Colorado-Springs-CO-80925,SINGLE_FAMILY,3,3,1505,FOR_RENT,www.zillow.com//homedetails/10840-Nolin-Dr-Colorado-Springs-CO-80925/319907666_zpid/,--
"$2,900/mo",6647-Big-George-Dr-Colorado-Springs-CO-80923,SINGLE_FAMILY,4,3,3015,FOR_RENT,www.zillow.com//homedetails/6647-Big-George-Dr-Colorado-Springs-CO-80923/181537667_zpid/,--
"$2,600/mo",5960-Grapevine-Dr-Colorado-Springs-CO-80923,SINGLE_FAMILY,3,4,2659,FOR_RENT,www.zillow.com//homedetails/5960-Grapevine-Dr-Colorado-Springs-CO-80923/13573298_zpid/,--
"$1,775/mo",2115-Lander-Cir-Colorado-Springs-CO-80909,SINGLE_FAMILY,4,2,1856,FOR_RENT,www.zillow.com//homedetails/2115-Lander-Cir-Colorado-Springs-CO-80909/13600754_zpid/,--
"$1,750/mo",5320-Bunk-House-Ln-Colorado-Springs-CO-80917,SINGLE_FAMILY,3,2.5,1622,FOR_RENT,www.zillow.com//homedetails/5320-Bunk-House-Ln-Colorado-Springs-CO-80917/13586691_zpid/,--
"$2,995/mo",2616-Pine-Knoll-Vw-Colorado-Springs-CO-80920,SINGLE_FAMILY,3,3.5,3696,FOR_RENT,www.zillow.com//homedetails/2616-Pine-Knoll-Vw-Colorado-Springs-CO-80920/83155696_zpid/,--
$775/mo,2241-E-Platte-Pl-7-Colorado-Springs-CO-80909,APARTMENT,0,1,500,FOR_RENT,www.zillow.com//homedetails/2241-E-Platte-Pl-7-Colorado-Springs-CO-80909/2069386798_zpid/,--
"$5,000/mo",2248-Glenn-St-Colorado-Springs-CO-80904,SINGLE_FAMILY,3,2.5,1680,FOR_RENT,www.zillow.com//homedetails/2248-Glenn-St-Colorado-Springs-CO-80904/247511642_zpid/,--
"$2,385/mo",6515-Sonny-Blue-Dr-Colorado-Springs-CO-80923,SINGLE_FAMILY,4,4,2129,FOR_RENT,www.zillow.com//homedetails/6515-Sonny-Blue-Dr-Colorado-Springs-CO-80923/64717051_zpid/,--
"$2,650/mo",333-E-Las-Animas-St-Colorado-Springs-CO-80903,TOWNHOUSE,3,2,1850,FOR_RENT,www.zillow.com//homedetails/333-E-Las-Animas-St-Colorado-Springs-CO-80903/82025470_zpid/,--
"$2,700/mo",6244-Saddlebred-Way-Colorado-Springs-CO-80925,SINGLE_FAMILY,7,3.5,3500,FOR_RENT,www.zillow.com//homedetails/6244-Saddlebred-Way-Colorado-Springs-CO-80925/92168442_zpid/,--
"$2,295/mo",10759-Autumn-Gold-Vw-Colorado-Springs-CO-80919,TOWNHOUSE,3,2.5,1576,FOR_RENT,www.zillow.com//homedetails/10759-Autumn-Gold-Vw-Colorado-Springs-CO-80919/319912568_zpid/,--
"$1,810/mo",2141-Addison-St-Colorado-Springs-CO-80916,SINGLE_FAMILY,3,2,1241,FOR_RENT,www.zillow.com//homedetails/2141-Addison-St-Colorado-Springs-CO-80916/2069401018_zpid/,--
"$1,350/mo",1040-Chiricahua-Loop-APT-B-Colorado-Springs-CO-80915,APARTMENT,3,2,1100,FOR_RENT,www.zillow.com//homedetails/1040-Chiricahua-Loop-APT-B-Colorado-Springs-CO-80915/2114602859_zpid/,--
"$1,200/mo",335-Vehr-Dr-2-Colorado-Springs-CO-80916,APARTMENT,2,1,800,FOR_RENT,www.zillow.com//homedetails/335-Vehr-Dr-2-Colorado-Springs-CO-80916/2069448344_zpid/,--
"$2,875/mo",7282-Thorn-Brush-Way-Colorado-Springs-CO-80923,SINGLE_FAMILY,3,3,2759,FOR_RENT,www.zillow.com//homedetails/7282-Thorn-Brush-Way-Colorado-Springs-CO-80923/181736789_zpid/,--
"$1,275+/mo","1027-4 Westmoreland Rd, Colorado Springs, CO",--,2,1,850,FOR_RENT,"www.zillow.com//b/Colorado-Springs-CO/38.885887,-104.799332_ll/",2
"$1,800/mo",1795-Portland-Gold-Dr-Colorado-Springs-CO-80905,SINGLE_FAMILY,3,2.5,1484,FOR_RENT,www.zillow.com//homedetails/1795-Portland-Gold-Dr-Colorado-Springs-CO-80905/121867235_zpid/,--
"$2,200/mo",1345-Firefly-Cir-Colorado-Springs-CO-80916,APARTMENT,3,2,1984,FOR_RENT,www.zillow.com//homedetails/1345-Firefly-Cir-Colorado-Springs-CO-80916/13621808_zpid/,--
"$1,795/mo",676-W-Monument-St-201-Colorado-Springs-CO-80905,APARTMENT,2,2,1084,FOR_RENT,www.zillow.com//homedetails/676-W-Monument-St-201-Colorado-Springs-CO-80905/2079000165_zpid/,--
"$2,600/mo",4127-Tree-Creek-Trl-Colorado-Springs-CO-80918,SINGLE_FAMILY,3,2.5,1850,FOR_RENT,www.zillow.com//homedetails/4127-Tree-Creek-Trl-Colorado-Springs-CO-80918/2069467426_zpid/,--
"$1,675/mo",1410-Newcastle-St-Colorado-Springs-CO-80907,SINGLE_FAMILY,3,1.5,1000,FOR_RENT,www.zillow.com//homedetails/1410-Newcastle-St-Colorado-Springs-CO-80907/13591176_zpid/,--
"$1,250/mo",914-S-Cascade-Ave-Colorado-Springs-CO-80903,SINGLE_FAMILY,1,1,900,FOR_RENT,www.zillow.com//homedetails/914-S-Cascade-Ave-Colorado-Springs-CO-80903/13618009_zpid/,--
"$1,550/mo",680-San-Juan-Rd-Colorado-Springs-CO-80904,APARTMENT,2,2,1170,FOR_RENT,www.zillow.com//homedetails/680-San-Juan-Rd-Colorado-Springs-CO-80904/13666043_zpid/,--
"$1,195/mo",14-W-Las-Animas-St-Colorado-Springs-CO-80903,SINGLE_FAMILY,2,1,676,FOR_RENT,www.zillow.com//homedetails/14-W-Las-Animas-St-Colorado-Springs-CO-80903/13617869_zpid/,--
"$1,695/mo",4116-Park-Village-Grv-Colorado-Springs-CO-80917,TOWNHOUSE,3,2.5,2488,FOR_RENT,www.zillow.com//homedetails/4116-Park-Village-Grv-Colorado-Springs-CO-80917/82241763_zpid/,--
"$1,700/mo",415-E-Pikes-Peak-Ave-Colorado-Springs-CO-80903,APARTMENT,0,1,536,FOR_RENT,www.zillow.com//homedetails/415-E-Pikes-Peak-Ave-Colorado-Springs-CO-80903/2077537075_zpid/,--
"$2,545/mo",5310-Silo-Rdg-Colorado-Springs-CO-80917,SINGLE_FAMILY,4,4,2396,FOR_RENT,www.zillow.com//homedetails/5310-Silo-Rdg-Colorado-Springs-CO-80917/13584252_zpid/,--
"$2,595/mo",4188-Ascendant-Dr-Colorado-Springs-CO-80922,SINGLE_FAMILY,5,4,3450,FOR_RENT,www.zillow.com//homedetails/4188-Ascendant-Dr-Colorado-Springs-CO-80922/55113099_zpid/,--
"$2,550/mo",7305-Pearly-Heath-Rd-Colorado-Springs-CO-80908,SINGLE_FAMILY,4,4,2632,FOR_RENT,www.zillow.com//homedetails/7305-Pearly-Heath-Rd-Colorado-Springs-CO-80908/119307996_zpid/,--
"$2,425/mo",2208-Warwick-Ln-Colorado-Springs-CO-80909,SINGLE_FAMILY,4,3,2015,FOR_RENT,www.zillow.com//homedetails/2208-Warwick-Ln-Colorado-Springs-CO-80909/13600570_zpid/,--
"$2,475/mo",7985-Chancellor-Dr-Colorado-Springs-CO-80920,SINGLE_FAMILY,4,3.5,2310,FOR_RENT,www.zillow.com//homedetails/7985-Chancellor-Dr-Colorado-Springs-CO-80920/13563604_zpid/,--
"$1,695/mo",627-Paradise-Ln-Colorado-Springs-CO-80904,SINGLE_FAMILY,2,2,1148,FOR_RENT,www.zillow.com//homedetails/627-Paradise-Ln-Colorado-Springs-CO-80904/13661145_zpid/,--
"$1,850/mo",2375-Ptarmigan-Ln-Colorado-Springs-CO-80918,SINGLE_FAMILY,4,2,1730,FOR_RENT,www.zillow.com//homedetails/2375-Ptarmigan-Ln-Colorado-Springs-CO-80918/13578146_zpid/,--
"$1,980/mo",2022-Pepperwood-Dr-Colorado-Springs-CO-80910,SINGLE_FAMILY,4,2,1605,FOR_RENT,www.zillow.com//homedetails/2022-Pepperwood-Dr-Colorado-Springs-CO-80910/13626270_zpid/,--
"$2,295/mo",5014-Hawk-Meadow-Dr-Colorado-Springs-CO-80916,SINGLE_FAMILY,3,2,3024,FOR_RENT,www.zillow.com//homedetails/5014-Hawk-Meadow-Dr-Colorado-Springs-CO-80916/64624886_zpid/,--
"$1,995/mo",1973-N-Academy-Blvd-Colorado-Springs-CO-80909,TOWNHOUSE,3,3,1809,FOR_RENT,www.zillow.com//homedetails/1973-N-Academy-Blvd-Colorado-Springs-CO-80909/13599745_zpid/,--
"$1,480/mo",2140-Cooper-Ave-APT-B-Colorado-Springs-CO-80907,APARTMENT,2,1,800,FOR_RENT,www.zillow.com//homedetails/2140-Cooper-Ave-APT-B-Colorado-Springs-CO-80907/2090526877_zpid/,--
"$2,800/mo",4073-Flash-Point-Colorado-Springs-CO-80907,TOWNHOUSE,2,3,1400,FOR_RENT,www.zillow.com//homedetails/4073-Flash-Point-Colorado-Springs-CO-80907/69305641_zpid/,--
"$2,300/mo",7710-Manston-Dr-Colorado-Springs-CO-80920,SINGLE_FAMILY,4,4,2709,FOR_RENT,www.zillow.com//homedetails/7710-Manston-Dr-Colorado-Springs-CO-80920/69038989_zpid/,--
"$1,875/mo",2504-N-Tejon-St-Colorado-Springs-CO-80907,SINGLE_FAMILY,3,2,1455,FOR_RENT,www.zillow.com//homedetails/2504-N-Tejon-St-Colorado-Springs-CO-80907/13591973_zpid/,--
"$1,695/mo",2728-Lark-Dr-Colorado-Springs-CO-80909,SINGLE_FAMILY,3,1.5,1823,FOR_RENT,www.zillow.com//homedetails/2728-Lark-Dr-Colorado-Springs-CO-80909/13593930_zpid/,--
$900+/mo,"624 N Weber St, Colorado Springs, CO",--,0,1,,FOR_RENT,www.zillow.com//b/624-n.-weber-street-colorado-springs-co-9TF87c/,3
"$2,925/mo",8235-Hardwood-Cir-Colorado-Springs-CO-80908,SINGLE_FAMILY,4,3,3450,FOR_RENT,www.zillow.com//homedetails/8235-Hardwood-Cir-Colorado-Springs-CO-80908/181534059_zpid/,--
"$1,999/mo",2230-Falkirk-Dr-Colorado-Springs-CO-80910,SINGLE_FAMILY,3,2.5,1611,FOR_RENT,www.zillow.com//homedetails/2230-Falkirk-Dr-Colorado-Springs-CO-80910/69039149_zpid/,--
"$2,300/mo",24-S-Olympian-Dr-Colorado-Springs-CO-80905,TOWNHOUSE,3,2.5,1700,FOR_RENT,www.zillow.com//homedetails/24-S-Olympian-Dr-Colorado-Springs-CO-80905/247511590_zpid/,--
"$2,500/mo",4873-Bittercreek-Dr-Colorado-Springs-CO-80922,SINGLE_FAMILY,4,4,2312,FOR_RENT,www.zillow.com//homedetails/4873-Bittercreek-Dr-Colorado-Springs-CO-80922/13538588_zpid/,--
"$2,500/mo",5651-Majestic-Dr-Colorado-Springs-CO-80919,SINGLE_FAMILY,4,3.5,2585,FOR_RENT,www.zillow.com//homedetails/5651-Majestic-Dr-Colorado-Springs-CO-80919/13655137_zpid/,--
"$1,850/mo",4088-Diamond-Ridge-Vw-Colorado-Springs-CO-80918,TOWNHOUSE,2,2.5,1625,FOR_RENT,www.zillow.com//homedetails/4088-Diamond-Ridge-Vw-Colorado-Springs-CO-80918/63081986_zpid/,--
"$1,325/mo",4050-Airport-Rd-4-Colorado-Springs-CO-80910,APARTMENT,2,1,820,FOR_RENT,www.zillow.com//homedetails/4050-Airport-Rd-4-Colorado-Springs-CO-80910/2069527147_zpid/,--
"$2,100/mo",4722-Little-London-Dr-Colorado-Springs-CO-80923,SINGLE_FAMILY,3,2.5,2103,FOR_RENT,www.zillow.com//homedetails/4722-Little-London-Dr-Colorado-Springs-CO-80923/13571773_zpid/,--
"$2,000/mo",2015-Mount-Vernon-St-Colorado-Springs-CO-80909,SINGLE_FAMILY,3,2,1800,FOR_RENT,www.zillow.com//homedetails/2015-Mount-Vernon-St-Colorado-Springs-CO-80909/13603179_zpid/,--
"$2,860/mo",714-N-30th-St-Colorado-Springs-CO-80904,SINGLE_FAMILY,4,2.5,2418,FOR_RENT,www.zillow.com//homedetails/714-N-30th-St-Colorado-Springs-CO-80904/2070282901_zpid/,--
"$1,949/mo",5312-Luster-Dr-Colorado-Springs-CO-80923,SINGLE_FAMILY,3,2,1304,FOR_RENT,www.zillow.com//homedetails/5312-Luster-Dr-Colorado-Springs-CO-80923/58405593_zpid/,--
"$2,100/mo",2411-W-Colorado-Ave-UNIT-202-Colorado-Springs-CO-80904,APARTMENT,2,1,1293,FOR_RENT,www.zillow.com//homedetails/2411-W-Colorado-Ave-UNIT-202-Colorado-Springs-CO-80904/88909816_zpid/,--
"$1,375/mo",1305-Soaring-Eagle-Dr-Colorado-Springs-CO-80915,TOWNHOUSE,2,1.5,960,FOR_RENT,www.zillow.com//homedetails/1305-Soaring-Eagle-Dr-Colorado-Springs-CO-80915/13544682_zpid/,--
"$1,250/mo",903-Fontmore-Rd-APT-A-Colorado-Springs-CO-80904,APARTMENT,2,1,,FOR_RENT,www.zillow.com//homedetails/903-Fontmore-Rd-APT-A-Colorado-Springs-CO-80904/2082129999_zpid/,--
"$1,395/mo",808-Bennett-Ave-A-Colorado-Springs-CO-80909,APARTMENT,2,2,1000,FOR_RENT,www.zillow.com//homedetails/808-Bennett-Ave-A-Colorado-Springs-CO-80909/2069519132_zpid/,--
"$2,200/mo",1437-Heidi-Ln-Colorado-Springs-CO-80907,SINGLE_FAMILY,3,2.5,2366,FOR_RENT,www.zillow.com//homedetails/1437-Heidi-Ln-Colorado-Springs-CO-80907/13658091_zpid/,--
"$1,300/mo",2488-Washo-Cir-1-Colorado-Springs-CO-80915,TOWNHOUSE,2,1.5,960,FOR_RENT,www.zillow.com//homedetails/2488-Washo-Cir-1-Colorado-Springs-CO-80915/2069519637_zpid/,--
"$1,300/mo",3140-Van-Teylingen-Dr-APT-A-Colorado-Springs-CO-80917,TOWNHOUSE,3,2,1072,FOR_RENT,www.zillow.com//homedetails/3140-Van-Teylingen-Dr-APT-A-Colorado-Springs-CO-80917/13594426_zpid/,--
"$2,200/mo",2910-Rolling-Wood-Loop-Colorado-Springs-CO-80918,SINGLE_FAMILY,3,2,1916,FOR_RENT,www.zillow.com//homedetails/2910-Rolling-Wood-Loop-Colorado-Springs-CO-80918/13571062_zpid/,--
"$2,100/mo",1046-Tyre-Hts-Colorado-Springs-CO-80916,SINGLE_FAMILY,2,2,1450,FOR_RENT,www.zillow.com//homedetails/1046-Tyre-Hts-Colorado-Springs-CO-80916/2069525109_zpid/,--
"$2,350/mo",7570-Dry-Creek-Ln-Colorado-Springs-CO-80919,SINGLE_FAMILY,4,3.5,3200,FOR_RENT,www.zillow.com//homedetails/7570-Dry-Creek-Ln-Colorado-Springs-CO-80919/13649366_zpid/,--
"$1,450/mo",6605-Proud-Eagle-Ct-Colorado-Springs-CO-80915,TOWNHOUSE,2,1.5,960,FOR_RENT,www.zillow.com//homedetails/6605-Proud-Eagle-Ct-Colorado-Springs-CO-80915/13544791_zpid/,--
"$1,850/mo",1116-Wisdom-Hts-Colorado-Springs-CO-80907,TOWNHOUSE,3,2.5,1311,FOR_RENT,www.zillow.com//homedetails/1116-Wisdom-Hts-Colorado-Springs-CO-80907/67079650_zpid/,--
"$2,195/mo",3730-Hickory-Hill-Dr-Colorado-Springs-CO-80906,SINGLE_FAMILY,3,2,1619,FOR_RENT,www.zillow.com//homedetails/3730-Hickory-Hill-Dr-Colorado-Springs-CO-80906/13635670_zpid/,--
"$2,400/mo",10009-Green-Thicket-Grv-Colorado-Springs-CO-80924,SINGLE_FAMILY,3,2.5,1734,FOR_RENT,www.zillow.com//homedetails/10009-Green-Thicket-Grv-Colorado-Springs-CO-80924/247509553_zpid/,--
"$3,300/mo",1357-Cresson-Mine-Dr-Colorado-Springs-CO-80905,SINGLE_FAMILY,4,3.5,3924,FOR_RENT,www.zillow.com//homedetails/1357-Cresson-Mine-Dr-Colorado-Springs-CO-80905/82025718_zpid/,--
"$1,430/mo",4766-Live-Oak-Colorado-Springs-CO-80916,TOWNHOUSE,3,2.5,1528,FOR_RENT,www.zillow.com//homedetails/4766-Live-Oak-Colorado-Springs-CO-80916/2069529172_zpid/,--
"$1,534+/mo","6416 Honey Grv, Colorado Springs, CO",--,1,1,723,FOR_RENT,"www.zillow.com//b/Residences-at-Falcon-North-Colorado-Springs-CO/38.923245,-104.73784_ll/",18
"$1,800/mo",7125-Red-Sand-Grv-Colorado-Springs-CO-80923,TOWNHOUSE,3,2.5,1625,FOR_RENT,www.zillow.com//homedetails/7125-Red-Sand-Grv-Colorado-Springs-CO-80923/87929044_zpid/,--
"$2,650/mo",2608-N-Union-Blvd-Colorado-Springs-CO-80909,SINGLE_FAMILY,3,2,1687,FOR_RENT,www.zillow.com//homedetails/2608-N-Union-Blvd-Colorado-Springs-CO-80909/13593549_zpid/,--
"$2,495/mo",4044-Purple-Plum-Way-Colorado-Springs-CO-80920,SINGLE_FAMILY,4,3,2839,FOR_RENT,www.zillow.com//homedetails/4044-Purple-Plum-Way-Colorado-Springs-CO-80920/64910092_zpid/,--
"$2,800/mo",6253-Ashmore-Ln-Colorado-Springs-CO-80908,SINGLE_FAMILY,5,3.5,3057,FOR_RENT,www.zillow.com//homedetails/6253-Ashmore-Ln-Colorado-Springs-CO-80908/2069731065_zpid/,--
"$2,295/mo",6192-Grand-Mesa-Dr-Colorado-Springs-CO-80923,SINGLE_FAMILY,3,2.5,1405,FOR_RENT,www.zillow.com//homedetails/6192-Grand-Mesa-Dr-Colorado-Springs-CO-80923/59735910_zpid/,--
"$2,620/mo",4968-Sweetgrass-Ln-Colorado-Springs-CO-80922,SINGLE_FAMILY,4,3.5,2312,FOR_RENT,www.zillow.com//homedetails/4968-Sweetgrass-Ln-Colorado-Springs-CO-80922/13538583_zpid/,--
"$1,500/mo",3770-Strawberry-Field-Grv-APT-B-Colorado-Springs-CO-80906,APARTMENT,2,2,1137,FOR_RENT,www.zillow.com//homedetails/3770-Strawberry-Field-Grv-APT-B-Colorado-Springs-CO-80906/13635813_zpid/,--
"$1,300/mo",3026-N-Institute-St-Colorado-Springs-CO-80907,SINGLE_FAMILY,2,1,700,FOR_RENT,www.zillow.com//homedetails/3026-N-Institute-St-Colorado-Springs-CO-80907/13592857_zpid/,--
"$1,775/mo",1563-Monterey-Rd-APT-F-Colorado-Springs-CO-80910,APARTMENT,2,2,1500,FOR_RENT,www.zillow.com//homedetails/1563-Monterey-Rd-APT-F-Colorado-Springs-CO-80910/63127802_zpid/,--
"$5,000/mo",13789-Voyager-Pkwy-Colorado-Springs-CO-80921,SINGLE_FAMILY,6,5,5634,FOR_RENT,www.zillow.com//homedetails/13789-Voyager-Pkwy-Colorado-Springs-CO-80921/64801214_zpid/,--
"$2,399/mo",2340-Royal-Palm-Dr-Colorado-Springs-CO-80918,SINGLE_FAMILY,5,3,2471,FOR_RENT,www.zillow.com//homedetails/2340-Royal-Palm-Dr-Colorado-Springs-CO-80918/13589906_zpid/,--
"$2,200/mo",937-S-Arcadia-St-Colorado-Springs-CO-80903,SINGLE_FAMILY,4,2,1800,FOR_RENT,www.zillow.com//homedetails/937-S-Arcadia-St-Colorado-Springs-CO-80903/13618760_zpid/,--
"$1,900+/mo","10714 Yuba Dr, Colorado Springs, CO",--,4,3,3295,FOR_RENT,"www.zillow.com//b/Colorado-Springs-CO/38.739976,-104.641154_ll/",2
"$1,750/mo",4361-High-Mountain-Point-Colorado-Springs-CO-80917,TOWNHOUSE,2,3,1867,FOR_RENT,www.zillow.com//homedetails/4361-High-Mountain-Point-Colorado-Springs-CO-80917/181737128_zpid/,--
$950/mo,317-W-Harrison-St-Colorado-Springs-CO-80907,SINGLE_FAMILY,2,1,700,FOR_RENT,www.zillow.com//homedetails/317-W-Harrison-St-Colorado-Springs-CO-80907/13591914_zpid/,--
"$1,250/mo",4215-Deerfield-Hills-Rd-Colorado-Springs-CO-80916,SINGLE_FAMILY,2,1,1000,FOR_RENT,www.zillow.com//homedetails/4215-Deerfield-Hills-Rd-Colorado-Springs-CO-80916/13631732_zpid/,--
"$1,250/mo",4725-Picturesque-Dr-APT-B-Colorado-Springs-CO-80917,APARTMENT,2,1,918,FOR_RENT,www.zillow.com//homedetails/4725-Picturesque-Dr-APT-B-Colorado-Springs-CO-80917/2086467185_zpid/,--
"$2,175/mo",7146-Grand-Prairie-Dr-Colorado-Springs-CO-80923,SINGLE_FAMILY,3,2.5,2149,FOR_RENT,www.zillow.com//homedetails/7146-Grand-Prairie-Dr-Colorado-Springs-CO-80923/58658100_zpid/,--
"$2,170/mo",5775-Eldora-Dr-Colorado-Springs-CO-80918,SINGLE_FAMILY,3,2,1562,FOR_RENT,www.zillow.com//homedetails/5775-Eldora-Dr-Colorado-Springs-CO-80918/13576848_zpid/,--
"$3,125/mo",2212-Woodburn-St-Colorado-Springs-CO-80906,SINGLE_FAMILY,4,4,3484,FOR_RENT,www.zillow.com//homedetails/2212-Woodburn-St-Colorado-Springs-CO-80906/13628452_zpid/,--
"$2,500/mo",2120-Cooper-Ave-Colorado-Springs-CO-80907,SINGLE_FAMILY,2,1,1000,FOR_RENT,www.zillow.com//homedetails/2120-Cooper-Ave-Colorado-Springs-CO-80907/13659737_zpid/,--
"$1,650+/mo","5525 Tomah Dr, Colorado Springs, CO",--,2,1.5,1176,FOR_RENT,www.zillow.com//b/5525-tomah-dr-colorado-springs-co-5XzWgN/,2
"$1,472+/mo","2864 Dublin Blvd, Colorado Springs, CO",--,1,1,660,FOR_RENT,www.zillow.com//b/cottonwood-terrace-colorado-springs-co-5XhvZJ/,15
"$2,495/mo",6235-Mach-1-Dr-Colorado-Springs-CO-80918,SINGLE_FAMILY,4,3,2672,FOR_RENT,www.zillow.com//homedetails/6235-Mach-1-Dr-Colorado-Springs-CO-80918/13577513_zpid/,--
"$2,995/mo",11634-Mountain-Turtle-Dr-Colorado-Springs-CO-80921,SINGLE_FAMILY,6,3.5,3146,FOR_RENT,www.zillow.com//homedetails/11634-Mountain-Turtle-Dr-Colorado-Springs-CO-80921/82403344_zpid/,--
"$1,750/mo",5943-Conductors-Point-Colorado-Springs-CO-80923,SINGLE_FAMILY,2,2.5,1262,FOR_RENT,www.zillow.com//homedetails/5943-Conductors-Point-Colorado-Springs-CO-80923/64502063_zpid/,--
"$1,345/mo",4413-Forrest-Hill-Rd-UNIT-7-Colorado-Springs-CO-80907,APARTMENT,2,1,,FOR_RENT,www.zillow.com//homedetails/4413-Forrest-Hill-Rd-UNIT-7-Colorado-Springs-CO-80907/2069597787_zpid/,--
"$2,650/mo",9379-Prairie-Clover-Dr-Colorado-Springs-CO-80920,SINGLE_FAMILY,4,3,2500,FOR_RENT,www.zillow.com//homedetails/9379-Prairie-Clover-Dr-Colorado-Springs-CO-80920/58595849_zpid/,--
"$1,350/mo",4702-Galley-Rd-Colorado-Springs-CO-80915,SINGLE_FAMILY,2,1,884,FOR_RENT,www.zillow.com//homedetails/4702-Galley-Rd-Colorado-Springs-CO-80915/13612337_zpid/,--
"$2,400/mo",7238-Colebrook-Ln-Colorado-Springs-CO-80918,SINGLE_FAMILY,4,3.5,1996,FOR_RENT,www.zillow.com//homedetails/7238-Colebrook-Ln-Colorado-Springs-CO-80918/306025543_zpid/,--
"$1,775/mo",3230-Lally-Rook-Ct-Colorado-Springs-CO-80906,SINGLE_FAMILY,3,2,1342,FOR_RENT,www.zillow.com//homedetails/3230-Lally-Rook-Ct-Colorado-Springs-CO-80906/13630281_zpid/,--
"$3,495/mo",1232-Castle-Hills-Pl-Colorado-Springs-CO-80921,SINGLE_FAMILY,6,4.5,4284,FOR_RENT,www.zillow.com//homedetails/1232-Castle-Hills-Pl-Colorado-Springs-CO-80921/58405486_zpid/,--
"$2,850/mo",7167-Indian-River-Dr-Colorado-Springs-CO-80923,SINGLE_FAMILY,4,2.5,3995,FOR_RENT,www.zillow.com//homedetails/7167-Indian-River-Dr-Colorado-Springs-CO-80923/88910230_zpid/,--
"$2,350/mo",8250-Andrus-Dr-Colorado-Springs-CO-80920,SINGLE_FAMILY,4,4,2340,FOR_RENT,www.zillow.com//homedetails/8250-Andrus-Dr-Colorado-Springs-CO-80920/13562342_zpid/,--
"$2,200/mo",7745-Gibralter-Dr-Colorado-Springs-CO-80920,SINGLE_FAMILY,4,4,2324,FOR_RENT,www.zillow.com//homedetails/7745-Gibralter-Dr-Colorado-Springs-CO-80920/13566036_zpid/,--
"$2,195/mo",2858-Maverick-Dr-Colorado-Springs-CO-80918,SINGLE_FAMILY,3,3,1904,FOR_RENT,www.zillow.com//homedetails/2858-Maverick-Dr-Colorado-Springs-CO-80918/13570900_zpid/,--
$931+/mo,"2129 Delta Dr, Colorado Springs, CO",--,1,1,625,FOR_RENT,www.zillow.com//b/whitney-young-manor-colorado-springs-co-5Xhvvw/,7
"$1,995/mo",1661-Monterey-Rd-201-Colorado-Springs-CO-80910,APARTMENT,3,2,1182,FOR_RENT,www.zillow.com//homedetails/1661-Monterey-Rd-201-Colorado-Springs-CO-80910/2069668653_zpid/,--
"$1,145/mo",6750-Pahokee-Ct-APT-A-Colorado-Springs-CO-80915,APARTMENT,2,1.5,1100,FOR_RENT,www.zillow.com//homedetails/6750-Pahokee-Ct-APT-A-Colorado-Springs-CO-80915/2102109848_zpid/,--
"$2,025/mo",6133-Lowlander-Ct-Colorado-Springs-CO-80922,SINGLE_FAMILY,4,3.5,1844,FOR_RENT,www.zillow.com//homedetails/6133-Lowlander-Ct-Colorado-Springs-CO-80922/13537863_zpid/,--
"$2,495/mo",4378-Bays-Water-Dr-Colorado-Springs-CO-80920,SINGLE_FAMILY,4,3.5,2649,FOR_RENT,www.zillow.com//homedetails/4378-Bays-Water-Dr-Colorado-Springs-CO-80920/13561169_zpid/,--
"$2,625/mo",10787-Hidden-Brook-Cir-Colorado-Springs-CO-80908,SINGLE_FAMILY,3,3,2818,FOR_RENT,www.zillow.com//homedetails/10787-Hidden-Brook-Cir-Colorado-Springs-CO-80908/181738991_zpid/,--
"$2,595/mo",7107-Wintery-Loop-Colorado-Springs-CO-80919,SINGLE_FAMILY,4,3,2903,FOR_RENT,www.zillow.com//homedetails/7107-Wintery-Loop-Colorado-Springs-CO-80919/13652110_zpid/,--
"$1,150/mo",6657-Dublin-Loop-W-Colorado-Springs-CO-80918,SINGLE_FAMILY,2,1,840,FOR_RENT,www.zillow.com//homedetails/6657-Dublin-Loop-W-Colorado-Springs-CO-80918/2126766468_zpid/,--
"$2,400/mo",8277-Telegraph-Dr-Colorado-Springs-CO-80920,SINGLE_FAMILY,4,3,2600,FOR_RENT,www.zillow.com//homedetails/8277-Telegraph-Dr-Colorado-Springs-CO-80920/13562715_zpid/,--
"$1,895/mo",2605-Hatch-Cir-Colorado-Springs-CO-80918,SINGLE_FAMILY,3,2,1369,FOR_RENT,www.zillow.com//homedetails/2605-Hatch-Cir-Colorado-Springs-CO-80918/13570309_zpid/,--
"$1,895/mo",828-Querida-Dr-Colorado-Springs-CO-80909,SINGLE_FAMILY,3,2,1527,FOR_RENT,www.zillow.com//homedetails/828-Querida-Dr-Colorado-Springs-CO-80909/13611772_zpid/,--
"$1,200/mo",3014-Starlight-Cir-Colorado-Springs-CO-80916,TOWNHOUSE,2,2,928,FOR_RENT,www.zillow.com//homedetails/3014-Starlight-Cir-Colorado-Springs-CO-80916/13631816_zpid/,--
"$1,600/mo",2318-Templeton-Gap-Rd-Colorado-Springs-CO-80907,SINGLE_FAMILY,2,1,1149,FOR_RENT,www.zillow.com//homedetails/2318-Templeton-Gap-Rd-Colorado-Springs-CO-80907/13604109_zpid/,--
"$2,325/mo",5886-Instone-Cir-Colorado-Springs-CO-80922,SINGLE_FAMILY,4,3,3142,FOR_RENT,www.zillow.com//homedetails/5886-Instone-Cir-Colorado-Springs-CO-80922/13539109_zpid/,--
"$2,475/mo",4655-Spacewalk-Way-Colorado-Springs-CO-80916,SINGLE_FAMILY,4,3,1944,FOR_RENT,www.zillow.com//homedetails/4655-Spacewalk-Way-Colorado-Springs-CO-80916/13621994_zpid/,--
"$2,699/mo",4345-Reginold-Ct-Colorado-Springs-CO-80906,SINGLE_FAMILY,5,3.5,3841,FOR_RENT,www.zillow.com//homedetails/4345-Reginold-Ct-Colorado-Springs-CO-80906/13638035_zpid/,--
"$1,475/mo",3735-Strawberry-Field-Grv-APT-H-Colorado-Springs-CO-80906,APARTMENT,2,2,1084,FOR_RENT,www.zillow.com//homedetails/3735-Strawberry-Field-Grv-APT-H-Colorado-Springs-CO-80906/13635804_zpid/,--
"$1,995/mo",6259-Calico-Patch-Hts-Colorado-Springs-CO-80923,TOWNHOUSE,3,3,1486,FOR_RENT,www.zillow.com//homedetails/6259-Calico-Patch-Hts-Colorado-Springs-CO-80923/63049502_zpid/,--
"$1,625+/mo","2555 Raywood Vw, Colorado Springs, CO",--,1,1,707,FOR_RENT,"www.zillow.com//b/Sagebrook-Colorado-Springs-CO/38.967543,-104.780122_ll/",25
"$2,300/mo",9501-Sycamore-Glen-Trl-Colorado-Springs-CO-80920,SINGLE_FAMILY,4,2,2617,FOR_RENT,www.zillow.com//homedetails/9501-Sycamore-Glen-Trl-Colorado-Springs-CO-80920/64827557_zpid/,--
"$1,400/mo",4249-Hunting-Meadows-Cir-Colorado-Springs-CO-80916,SINGLE_FAMILY,2,3,1491,FOR_RENT,www.zillow.com//homedetails/4249-Hunting-Meadows-Cir-Colorado-Springs-CO-80916/2100132767_zpid/,--
"$2,200/mo",4244-Round-Hill-Dr-Colorado-Springs-CO-80922,SINGLE_FAMILY,4,4,2644,FOR_RENT,www.zillow.com//homedetails/4244-Round-Hill-Dr-Colorado-Springs-CO-80922/59736490_zpid/,--
"$2,695/mo",4973-Santiago-Way-Colorado-Springs-CO-80917,SINGLE_FAMILY,5,3,2520,FOR_RENT,www.zillow.com//homedetails/4973-Santiago-Way-Colorado-Springs-CO-80917/13597776_zpid/,--
"$1,395/mo",2601-S-Hancock-Ave-B-Colorado-Springs-CO-80905,APARTMENT,1,1,800,FOR_RENT,www.zillow.com//homedetails/2601-S-Hancock-Ave-B-Colorado-Springs-CO-80905/2069776924_zpid/,--
"$1,895/mo",3965-Sedgewood-Way-Colorado-Springs-CO-80918,SINGLE_FAMILY,3,2.5,2169,FOR_RENT,www.zillow.com//homedetails/3965-Sedgewood-Way-Colorado-Springs-CO-80918/13571620_zpid/,--
$949+/mo,"202 Beaver Ct, Colorado Springs, CO",--,1,1,520,FOR_RENT,www.zillow.com//b/201-204-beaver-court-colorado-springs-co-5Yy7sH/,2
"$2,660/mo",7126-Battle-Mountain-Rd-Colorado-Springs-CO-80922,SINGLE_FAMILY,4,4,3020,FOR_RENT,www.zillow.com//homedetails/7126-Battle-Mountain-Rd-Colorado-Springs-CO-80922/2069787028_zpid/,--
"$2,450/mo",5435-Lions-Gate-Ln-Colorado-Springs-CO-80919,SINGLE_FAMILY,4,3.5,3024,FOR_RENT,www.zillow.com//homedetails/5435-Lions-Gate-Ln-Colorado-Springs-CO-80919/13655662_zpid/,--
"$2,100/mo",5320-Fiesta-Ln-Colorado-Springs-CO-80918,SINGLE_FAMILY,5,2,1888,FOR_RENT,www.zillow.com//homedetails/5320-Fiesta-Ln-Colorado-Springs-CO-80918/13580328_zpid/,--
"$1,775/mo",965-Evening-Star-Ct-Colorado-Springs-CO-80910,SINGLE_FAMILY,3,2.5,1309,FOR_RENT,www.zillow.com//homedetails/965-Evening-Star-Ct-Colorado-Springs-CO-80910/13620560_zpid/,--
"$1,600/mo",503-E-Cheyenne-Rd-Colorado-Springs-CO-80905,SINGLE_FAMILY,3,1,894,FOR_RENT,www.zillow.com//homedetails/503-E-Cheyenne-Rd-Colorado-Springs-CO-80905/13627882_zpid/,--
"$2,150/mo",1326-E-Platte-Ave-Colorado-Springs-CO-80909,SINGLE_FAMILY,3,2,1676,FOR_RENT,www.zillow.com//homedetails/1326-E-Platte-Ave-Colorado-Springs-CO-80909/243806644_zpid/,--
"$1,895/mo",2511-Tremont-St-Colorado-Springs-CO-80907,SINGLE_FAMILY,3,2,1636,FOR_RENT,www.zillow.com//homedetails/2511-Tremont-St-Colorado-Springs-CO-80907/112762262_zpid/,--
"$1,100/mo",6607-Proud-Eagle-Ct-Colorado-Springs-CO-80915,APARTMENT,2,2,896,FOR_RENT,www.zillow.com//homedetails/6607-Proud-Eagle-Ct-Colorado-Springs-CO-80915/13544792_zpid/,--
"$2,300/mo",2610-E-Bijou-St-Colorado-Springs-CO-80909,SINGLE_FAMILY,5,2,2080,FOR_RENT,www.zillow.com//homedetails/2610-E-Bijou-St-Colorado-Springs-CO-80909/13615726_zpid/,--
"$1,795/mo",7086-Sand-Crest-Vw-Colorado-Springs-CO-80923,TOWNHOUSE,2,2,1173,FOR_RENT,www.zillow.com//homedetails/7086-Sand-Crest-Vw-Colorado-Springs-CO-80923/64860801_zpid/,--
"$2,350/mo",2247-Conservatory-Point-Colorado-Springs-CO-80918,TOWNHOUSE,4,3,2646,FOR_RENT,www.zillow.com//homedetails/2247-Conservatory-Point-Colorado-Springs-CO-80918/82241467_zpid/,--
$895/mo,2901-Beacon-St-2-Colorado-Springs-CO-80907,TOWNHOUSE,1,0.5,340,FOR_RENT,www.zillow.com//homedetails/2901-Beacon-St-2-Colorado-Springs-CO-80907/2070006283_zpid/,--
"$2,649/mo",3247-Bewildering-Hts-Colorado-Springs-CO-80908,TOWNHOUSE,3,2.5,1640,FOR_RENT,www.zillow.com//homedetails/3247-Bewildering-Hts-Colorado-Springs-CO-80908/319912586_zpid/,--
"$2,410/mo",6580-Brook-Park-Dr-Colorado-Springs-CO-80918,SINGLE_FAMILY,4,3,1771,FOR_RENT,www.zillow.com//homedetails/6580-Brook-Park-Dr-Colorado-Springs-CO-80918/13569854_zpid/,--
"$1,300/mo",3028-N-Institute-St-Colorado-Springs-CO-80907,SINGLE_FAMILY,2,1,800,FOR_RENT,www.zillow.com//homedetails/3028-N-Institute-St-Colorado-Springs-CO-80907/2105775151_zpid/,--
"$1,675/mo",8215-Candon-Dr-Colorado-Springs-CO-80920,SINGLE_FAMILY,4,3,1740,FOR_RENT,www.zillow.com//homedetails/8215-Candon-Dr-Colorado-Springs-CO-80920/13563668_zpid/,--
$885/mo,1935-Carmel-Dr-APT-316-Colorado-Springs-CO-80910,APARTMENT,1,1,,FOR_RENT,www.zillow.com//homedetails/1935-Carmel-Dr-APT-316-Colorado-Springs-CO-80910/2085561934_zpid/,--
"$1,550/mo",4843-Harrier-Ridge-Dr-1-Colorado-Springs-CO-80916,TOWNHOUSE,2,2.5,1216,FOR_RENT,www.zillow.com//homedetails/4843-Harrier-Ridge-Dr-1-Colorado-Springs-CO-80916/2078874460_zpid/,--
"$2,350/mo",6824-Spruce-Hill-Ct-Colorado-Springs-CO-80923,SINGLE_FAMILY,3,2.5,2723,FOR_RENT,www.zillow.com//homedetails/6824-Spruce-Hill-Ct-Colorado-Springs-CO-80923/247507706_zpid/,--
"$2,500/mo",1240-Dancing-Horse-Dr-Colorado-Springs-CO-80919,SINGLE_FAMILY,4,4,2900,FOR_RENT,www.zillow.com//homedetails/1240-Dancing-Horse-Dr-Colorado-Springs-CO-80919/13649970_zpid/,--
"$2,525/mo",5635-Grays-Peak-Ct-Colorado-Springs-CO-80923,SINGLE_FAMILY,5,2,3358,FOR_RENT,www.zillow.com//homedetails/5635-Grays-Peak-Ct-Colorado-Springs-CO-80923/64661651_zpid/,--
"$1,795/mo",3390-Foxridge-Dr-Colorado-Springs-CO-80916,SINGLE_FAMILY,4,2,1666,FOR_RENT,www.zillow.com//homedetails/3390-Foxridge-Dr-Colorado-Springs-CO-80916/13632233_zpid/,--
$950/mo,1105-Cree-Dr-APT-2-Colorado-Springs-CO-80915,APARTMENT,1,1,600,FOR_RENT,www.zillow.com//homedetails/1105-Cree-Dr-APT-2-Colorado-Springs-CO-80915/2087855754_zpid/,--
"$1,075/mo",2923-1-Straus-Ln-Colorado-Springs-CO-80907,APARTMENT,2,1,845,FOR_RENT,www.zillow.com//homedetails/2923-1-Straus-Ln-Colorado-Springs-CO-80907/2069921775_zpid/,--
"$1,995/mo",3350-E-Parade-Cir-Colorado-Springs-CO-80917,SINGLE_FAMILY,4,2,1745,FOR_RENT,www.zillow.com//homedetails/3350-E-Parade-Cir-Colorado-Springs-CO-80917/13595385_zpid/,--
"$2,600/mo",134-Miramar-Dr-Colorado-Springs-CO-80906,SINGLE_FAMILY,3,3,3589,FOR_RENT,www.zillow.com//homedetails/134-Miramar-Dr-Colorado-Springs-CO-80906/13628942_zpid/,--
"$1,395/mo",630-E-Dale-St-Colorado-Springs-CO-80903,SINGLE_FAMILY,2,1,1724,FOR_RENT,www.zillow.com//homedetails/630-E-Dale-St-Colorado-Springs-CO-80903/13606733_zpid/,--
"$2,200/mo",7134-Amber-Ridge-Dr-Colorado-Springs-CO-80922,SINGLE_FAMILY,5,3,3064,FOR_RENT,www.zillow.com//homedetails/7134-Amber-Ridge-Dr-Colorado-Springs-CO-80922/64704301_zpid/,--
"$1,725/mo",3225-Bunker-Hill-Dr-Colorado-Springs-CO-80920,SINGLE_FAMILY,3,2,1325,FOR_RENT,www.zillow.com//homedetails/3225-Bunker-Hill-Dr-Colorado-Springs-CO-80920/13570575_zpid/,--
"$2,000/mo",6578-Baytree-Grv-Colorado-Springs-CO-80923,TOWNHOUSE,3,2.5,1565,FOR_RENT,www.zillow.com//homedetails/6578-Baytree-Grv-Colorado-Springs-CO-80923/80388465_zpid/,--
"$2,900/mo",6645-Finecrest-Dr-Colorado-Springs-CO-80923,SINGLE_FAMILY,4,3,2254,FOR_RENT,www.zillow.com//homedetails/6645-Finecrest-Dr-Colorado-Springs-CO-80923/69038009_zpid/,--
"$2,395/mo",11241-Modern-Meadow-Loop-Colorado-Springs-CO-80921,SINGLE_FAMILY,3,3.5,1996,FOR_RENT,www.zillow.com//homedetails/11241-Modern-Meadow-Loop-Colorado-Springs-CO-80921/294978528_zpid/,--
"$3,295/mo",12513-Timberglen-Ter-Colorado-Springs-CO-80921,SINGLE_FAMILY,4,3,3652,FOR_RENT,www.zillow.com//homedetails/12513-Timberglen-Ter-Colorado-Springs-CO-80921/68971233_zpid/,--
"$2,895/mo",8018-Hollygrape-Ln-Colorado-Springs-CO-80927,SINGLE_FAMILY,4,3,3250,FOR_RENT,www.zillow.com//homedetails/8018-Hollygrape-Ln-Colorado-Springs-CO-80927/109683795_zpid/,--
$995/mo,129-Bonfoy-Ave-201-Colorado-Springs-CO-80909,APARTMENT,0,1,363,FOR_RENT,www.zillow.com//homedetails/129-Bonfoy-Ave-201-Colorado-Springs-CO-80909/2077471539_zpid/,--
"$2,075/mo",226-S-Institute-St-Colorado-Springs-CO-80903,SINGLE_FAMILY,3,2,1053,FOR_RENT,www.zillow.com//homedetails/226-S-Institute-St-Colorado-Springs-CO-80903/13617094_zpid/,--
"$1,850/mo",2074-Phillips-Aly-Colorado-Springs-CO-80910,SINGLE_FAMILY,3,3,1713,FOR_RENT,www.zillow.com//homedetails/2074-Phillips-Aly-Colorado-Springs-CO-80910/88909050_zpid/,--
"$2,800/mo",1745-Old-Stage-Rd-Colorado-Springs-CO-80906,SINGLE_FAMILY,5,3,2800,FOR_RENT,www.zillow.com//homedetails/1745-Old-Stage-Rd-Colorado-Springs-CO-80906/13673366_zpid/,--
$850/mo,506-1-2-W-Cheyenne-Rd-APT-C-Colorado-Springs-CO-80906,APARTMENT,1,1,850,FOR_RENT,www.zillow.com//homedetails/506-1-2-W-Cheyenne-Rd-APT-C-Colorado-Springs-CO-80906/2102908847_zpid/,--
"$1,200/mo",1322-N-Academy-Blvd-UNIT-205-Colorado-Springs-CO-80909,APARTMENT,0,--,,FOR_RENT,www.zillow.com//homedetails/1322-N-Academy-Blvd-UNIT-205-Colorado-Springs-CO-80909/2070241935_zpid/,--
"$2,856/mo",10514-Silver-Stirrup-Dr-Colorado-Springs-CO-80925,SINGLE_FAMILY,6,4,3120,FOR_RENT,www.zillow.com//homedetails/10514-Silver-Stirrup-Dr-Colorado-Springs-CO-80925/109685363_zpid/,--
"$4,650/mo",3150-Rockbrook-Ln-Colorado-Springs-CO-80904,SINGLE_FAMILY,3,3,2662,FOR_RENT,www.zillow.com//homedetails/3150-Rockbrook-Ln-Colorado-Springs-CO-80904/13659054_zpid/,--
"$1,050/mo",1717-Metzler-Pl-APT-21-Colorado-Springs-CO-80905,APARTMENT,1,1,600,FOR_RENT,www.zillow.com//homedetails/1717-Metzler-Pl-APT-21-Colorado-Springs-CO-80905/2081894651_zpid/,--
"$6,000/mo",815-Pollux-Dr-Colorado-Springs-CO-80906,SINGLE_FAMILY,5,4.5,5178,FOR_RENT,www.zillow.com//homedetails/815-Pollux-Dr-Colorado-Springs-CO-80906/13669036_zpid/,--
"$2,355/mo",5296-Pine-Haven-Dr-Colorado-Springs-CO-80923,SINGLE_FAMILY,4,3,2052,FOR_RENT,www.zillow.com//homedetails/5296-Pine-Haven-Dr-Colorado-Springs-CO-80923/13572553_zpid/,--
"$1,750/mo",3408-Kingfisher-Nest-Grv-Colorado-Springs-CO-80916,TOWNHOUSE,3,3,1870,FOR_RENT,www.zillow.com//homedetails/3408-Kingfisher-Nest-Grv-Colorado-Springs-CO-80916/109685273_zpid/,--
"$2,695/mo",1319-N-Weber-St-Colorado-Springs-CO-80903,SINGLE_FAMILY,4,2.5,3548,FOR_RENT,www.zillow.com//homedetails/1319-N-Weber-St-Colorado-Springs-CO-80903/2086592011_zpid/,--
"$1,309+/mo","22 N Spruce St, Colorado Springs, CO",--,0,1,477,FOR_RENT,www.zillow.com//b/22-spruce-apartments-colorado-springs-co-BL5zZZ/,7
"$1,395/mo",506-N-Cascade-Ave-APT-301-Colorado-Springs-CO-80903,APARTMENT,2,1,769,FOR_RENT,www.zillow.com//homedetails/506-N-Cascade-Ave-APT-301-Colorado-Springs-CO-80903/2087382005_zpid/,--
"$1,045+/mo","1921 E Van Buren St, Colorado Springs, CO",--,1,1,605,FOR_RENT,www.zillow.com//b/the-centre-colorado-springs-co-5XhvR6/,4
$740+/mo,"3210 N Chestnut St, Colorado Springs, CO",--,0,1,375,FOR_RENT,www.zillow.com//b/fillmore-ridge-colorado-springs-co-5XhvXr/,6
"$1,575+/mo","5225 Zachary Grv, Colorado Springs, CO",--,1,1,705,FOR_RENT,www.zillow.com//b/grand-centennial-apartments-colorado-springs-co-5XhvZM/,11
"$1,360+/mo","4675 Templeton Park Cir, Colorado Springs, CO",--,1,1,720,FOR_RENT,www.zillow.com//b/retreat-at-austin-bluffs-colorado-springs-co-5Xhvkr/,5
"$1,254+/mo","1350 Cascade Creek Vw, Colorado Springs, CO",--,1,1,785,FOR_RENT,www.zillow.com//b/creekside-at-palmer-park-colorado-springs-co-5XhvbH/,6
"$1,280+/mo","2530 Paragon Dr, Colorado Springs, CO",--,0,1,426,FOR_RENT,www.zillow.com//b/windtree-colorado-springs-co-5XhvwB/,11
"$1,380+/mo","4414 Montebello Dr, Colorado Springs, CO",--,2,1,805,FOR_RENT,www.zillow.com//b/montebello-gardens-colorado-springs-co-5XhvgR/,4
"$1,630+/mo","2205 Willow Tree Grv, Colorado Springs, CO",--,1,1,637,FOR_RENT,www.zillow.com//b/the-willows-at-printers-park-apartments-colorado-springs-co-5XhvtG/,6
"$1,050+/mo","425-431 E Willamette Ave, Colorado Springs, CO",--,2,1,784,FOR_RENT,"www.zillow.com//b/Downtown-Square-Colorado-Springs-CO/38.842194,-104.820722_ll/",4
$850+/mo,"423 N Wahsatch Ave, Colorado Springs, CO",--,0,1,650,FOR_RENT,www.zillow.com//b/423-n-wahsatch-ave-colorado-springs-co-5fwzpL/,2
"$2,695/mo",920-Royal-Crown-Ln-Colorado-Springs-CO-80906,SINGLE_FAMILY,4,3.5,2538,FOR_RENT,www.zillow.com//homedetails/920-Royal-Crown-Ln-Colorado-Springs-CO-80906/13637971_zpid/,--
"$2,225/mo",3631-Lehigh-St-Colorado-Springs-CO-80909,SINGLE_FAMILY,4,2,1802,FOR_RENT,www.zillow.com//homedetails/3631-Lehigh-St-Colorado-Springs-CO-80909/108401172_zpid/,--
"$1,050+/mo","720 Melany Ln, Colorado Springs, CO",--,2,1,875,FOR_RENT,www.zillow.com//b/foothills-west-colorado-springs-co-5Yy992/,4
"$1,371+/mo",609-S-Cascade-Ave-J7KAKKKNF-Colorado-Springs-CO-80903,APARTMENT,0,1,,FOR_RENT,www.zillow.com//homedetails/609-S-Cascade-Ave-J7KAKKKNF-Colorado-Springs-CO-80903/2078574554_zpid/,--
"$2,075/mo",1314-Royale-Dr-Colorado-Springs-CO-80910,SINGLE_FAMILY,4,2,2188,FOR_RENT,www.zillow.com//homedetails/1314-Royale-Dr-Colorado-Springs-CO-80910/13619622_zpid/,--
"$2,500/mo",306-Elmwood-Dr-Colorado-Springs-CO-80907,SINGLE_FAMILY,5,3,1292,FOR_RENT,www.zillow.com//homedetails/306-Elmwood-Dr-Colorado-Springs-CO-80907/13591369_zpid/,--
$970/mo,2005-S-El-Paso-Ave-47-Colorado-Springs-CO-80905,APARTMENT,1,1,532,FOR_RENT,www.zillow.com//homedetails/2005-S-El-Paso-Ave-47-Colorado-Springs-CO-80905/2077499612_zpid/,--
"$1,150+/mo","1698 Lenmar Dr, Colorado Springs, CO",--,1,1,560,FOR_RENT,www.zillow.com//b/sienna-place-colorado-springs-co-B6gFyG/,2
"$1,300+/mo",2720-Mirage-Dr-T0305H3P6-Colorado-Springs-CO-80920,APARTMENT,1,1,800,FOR_RENT,www.zillow.com//homedetails/2720-Mirage-Dr-T0305H3P6-Colorado-Springs-CO-80920/2078873513_zpid/,--
"$1,770+/mo","650 McChord St, Colorado Springs, CO",--,3,2,1094,FOR_RENT,www.zillow.com//b/tvc-peterson-afb-colorado-springs-co-5ZhC9c/,10
"$1,950+/mo",4801-Pacer-Ln-JN3CKZ52Y-Colorado-Springs-CO-80917,APARTMENT,3,2,1130,FOR_RENT,www.zillow.com//homedetails/4801-Pacer-Ln-JN3CKZ52Y-Colorado-Springs-CO-80917/2085133630_zpid/,--
"$1,255+/mo","640 Wycliffe Dr, Colorado Springs, CO",--,1,1,460,FOR_RENT,www.zillow.com//b/cheyenne-crossing-colorado-springs-co-5XhvSj/,2
$950+/mo,"1220 Potter Dr, Colorado Springs, CO",--,1,1,,FOR_RENT,www.zillow.com//b/vista-peak-colorado-springs-co-5Xt942/,3
"$1,340+/mo",3562-Lenoso-Ter-29329-Colorado-Springs-CO-80910,APARTMENT,2,1.5,985,FOR_RENT,www.zillow.com//homedetails/3562-Lenoso-Ter-29329-Colorado-Springs-CO-80910/2078904367_zpid/,--
$865+/mo,805-S-Circle-Dr-98HF7GKRK-Colorado-Springs-CO-80910,APARTMENT,1,1,500,FOR_RENT,www.zillow.com//homedetails/805-S-Circle-Dr-98HF7GKRK-Colorado-Springs-CO-80910/2091798567_zpid/,--
$850+/mo,"223-319 University Dr, Colorado Springs, CO",--,1,1,675,FOR_RENT,www.zillow.com//b/westview-colorado-springs-co-BMvkvw/,4
$805+/mo,"175 N Murray Blvd, Colorado Springs, CO",--,1,1,610,FOR_RENT,www.zillow.com//b/one-75-north-colorado-springs-co-5XhvhF/,3
$795+/mo,4424-N-Chestnut-St-136908027-Colorado-Springs-CO-80907,APARTMENT,1,1,520,FOR_RENT,www.zillow.com//homedetails/4424-N-Chestnut-St-136908027-Colorado-Springs-CO-80907/2097277445_zpid/,--
"$3,200/mo",6581-Baytree-Grv-Colorado-Springs-CO-80923,TOWNHOUSE,3,2.5,1640,FOR_RENT,www.zillow.com//homedetails/6581-Baytree-Grv-Colorado-Springs-CO-80923/81770174_zpid/,--
"$2,175/mo",6320-Naturita-Trl-Colorado-Springs-CO-80922,SINGLE_FAMILY,3,3,1532,FOR_RENT,www.zillow.com//homedetails/6320-Naturita-Trl-Colorado-Springs-CO-80922/13538197_zpid/,--
"$1,100+/mo",3635-Van-Teylingen-Dr-68MZHFHBZ-Colorado-Springs-CO-80917,APARTMENT,2,2,933,FOR_RENT,www.zillow.com//homedetails/3635-Van-Teylingen-Dr-68MZHFHBZ-Colorado-Springs-CO-80917/2070581614_zpid/,--
"$4,000/mo",1219-N-Wahsatch-Ave-Colorado-Springs-CO-80903,SINGLE_FAMILY,5,3,3104,FOR_RENT,www.zillow.com//homedetails/1219-N-Wahsatch-Ave-Colorado-Springs-CO-80903/13606292_zpid/,--
$400/mo,1715-N-Nevada-Ave-APT-C-Colorado-Springs-CO-80907,APARTMENT,1,1,110,FOR_RENT,www.zillow.com//homedetails/1715-N-Nevada-Ave-APT-C-Colorado-Springs-CO-80907/2121079533_zpid/,--
"$2,650/mo",5226-Renault-Ct-Colorado-Springs-CO-80922,SINGLE_FAMILY,4,2.5,2100,FOR_RENT,www.zillow.com//homedetails/5226-Renault-Ct-Colorado-Springs-CO-80922/79848479_zpid/,--